id,our_category,format_a,format_b,judge,winner_ab,winner_ba,reason_ab,reason_ba
55,procedural,prose,bullet,gpt4o_mini,B,A,"Response B uses bullet points to break down the information into clear, digestible parts, making it easier for the reader to follow the steps involved in writing a cover letter. This structured format enhances clarity and organization, allowing readers to quickly identify key components without losing the overall narrative.","Response B presents the information in a continuous format, which enhances the flow and readability, making it easier for the reader to follow the narrative. The lack of bullet points allows for a more cohesive reading experience, while still maintaining clarity and organization throughout the content."
5,factual,prose,bullet,claude_haiku,B,A,"Response B uses bullet points to break down each distinct idea, making it easier to scan and digest the information compared to Response A's paragraph format. The bullet-point structure helps readers quickly identify the different risks and considerations without having to parse through dense blocks of text, improving overall readability and comprehension.","Response B uses paragraph breaks to organize related ideas into logical groups, making it easier to follow the flow of information and mentally process different categories of concerns (environmental exposure, physical hazards, and remediation). Response A's bullet-point format, while clear, treats each point as equally isolated, which fragments the narrative and makes the relationships between related concepts"
2,factual,bullet,header,claude_haiku,B,A,"Response B uses clear section headers that organize the information into three logical categories (history, high school/other sports, and cultural impact), making it easier to scan and understand the different aspects of baseball's popularity. Response A presents the same information in bullet points without hierarchical organization, which requires more effort to parse the distinct topics being discussed.","Response B uses a bullet-point format that breaks the information into discrete, scannable units, making it easier to quickly identify key facts about baseball's popularity in Japan. Response A's header-based structure, while organized, creates longer paragraph blocks that require more sustained reading effort and may obscure individual points within denser text."
35,opinion,prose,header,claude_haiku,B,A,"Response B uses clear section headers that organize the content into two distinct topics—agricultural importance and gardening/horticulture applications—making it easier for readers to quickly navigate and understand the different contexts where bees are valued. The headers provide visual structure that enhances readability without adding or removing any factual content, helping readers process the information","Both responses contain identical content, but Response B presents the information in a cleaner, more readable format without unnecessary section headers. The headers in Response A (""Importance of Bees in Agriculture"" and ""Bees in Gardening and Horticulture"") add visual division but don't meaningfully enhance comprehension for this straight"
48,procedural,prose,bullet,claude_haiku,B,A,"Response B uses bullet points to break down each step into discrete, scannable items, making it easier for readers to follow the sequential process and locate specific information. Response A presents the same content in paragraph form, which requires more effort to parse and identify individual steps, reducing readability for instructional content.","Response B uses paragraph breaks to logically group related steps into distinct phases (preparation, boot process, installation process, and post-installation), making it easier to follow the workflow. Response A presents the same information as a continuous bullet-point list, which creates visual clutter and makes it harder to distinguish between major phases of the process. The paragraph"
30,opinion,prose,bullet,claude_haiku,B,A,"Response B uses a bullet-point format that breaks down the information into discrete, digestible units, making it easier to scan and understand each concept individually. Response A presents the same information in dense paragraph form, which requires more cognitive effort to parse the multiple related ideas and can feel overwhelming for readers seeking a quick answer to a straightforward question.","Response B presents the same information in a cohesive paragraph format that flows naturally and is easier to read, while Response A breaks the identical content into nine separate bullet points that create unnecessary fragmentation and make the answer feel repetitive and harder to follow. The paragraph structure in Response B maintains logical connections between ideas without sacrificing clarity."
18,factual,bullet,header,claude_haiku,B,A,"Response B uses clear section headers that organize the content into logical groupings, making it easier for readers to navigate and understand the distinction between the conceptual clarification and the nuanced analysis of poverty distribution. The header structure enhances readability by visually separating the foundational point (Africa is a continent, not a country) from the more","Response B uses a bullet-point format that breaks down the information into discrete, digestible points, making it easier to scan and understand each distinct concept. Response A's paragraph format, while well-organized with headers, requires more sustained reading effort and makes it harder to quickly identify the key arguments being presented."
20,opinion,prose,header,gpt4o_mini,B,A,"Response B is better organized with clear headings that separate different aspects of the whoopee cushion, making it easier for the reader to follow the information. This structure enhances clarity and readability, allowing the reader to quickly locate specific details about the sound, functionality, and popularity of the whoopee cushion.","Response B presents the information in a continuous flow, making it easier for the reader to follow the explanation without interruption. In contrast, Response A's use of headers may disrupt the reading experience, as it breaks the narrative into sections that are not necessary for understanding the sound produced by the whoopee cushion."
44,procedural,prose,bullet,claude_haiku,B,A,"Response B uses bullet points to break down each step and concept into discrete, scannable units, making it easier for readers to follow the logical progression and locate specific information. Response A presents the same content in paragraph form, which requires more effort to parse and identify individual steps in the budgeting process.","Response B uses paragraph breaks to organize the content into logical sections (assessment, categorization, goal-setting, and maintenance), making it easier to follow the sequential steps and mentally compartmentalize different phases of budget creation. Response A presents the same information as a continuous bullet-point list, which creates visual clutter and makes it harder to distinguish between"
6,factual,prose,bullet,claude_haiku,B,A,"Response B uses bullet points to break down the same information into discrete, scannable points, making it easier to follow the logical progression of ideas and locate specific concepts. Response A presents the identical content in paragraph form, which requires more effort to parse and identify individual arguments, reducing readability despite containing the same factual information.","Response B uses paragraph breaks to organize distinct ideas (biological classification, informal usage, metaphorical interpretation, and summary), making it easier to follow the logical flow and digest each concept. Response A presents the same information as a bullet-point list, which fragments the narrative and makes the interconnected ideas feel more disjointed and harder to read as"
