id,format_a,format_b,claude_haiku,gpt4o_mini,our_category,question,reason_ab_claude_haiku,reason_ab_gpt4o_mini,reason_ba_claude_haiku,reason_ba_gpt4o_mini,winning_format_claude_haiku,winning_format_gpt4o_mini
2,prose,bullet,prose,bullet,factual,What is the most popular sport in Japan?,"Response B uses bullet points to break down the information into discrete, easily scannable points, which enhances readability and allows readers to quickly locate specific details. Response A presents the same content in paragraph form, which requires more effort to parse through and identify individual concepts, making it slightly less accessible for quick reference.","Response B presents the information in a bullet-point format, which enhances clarity and organization, making it easier for the reader to follow the key points. The structured layout allows for quick scanning of the content, improving overall readability compared to the more dense paragraph format of Response A.","Response B uses paragraph formatting with natural breaks that create visual hierarchy and make the content easier to scan, while Response A's bullet-point format treats each sentence as equally important, creating unnecessary fragmentation of what is essentially a flowing narrative. The paragraph structure in Response B better supports comprehension by grouping related ideas together logically.","Response A uses bullet points to break down the information into digestible parts, making it easier for the reader to follow and understand the key points about baseball's popularity in Japan. This structured format enhances clarity and organization compared to the continuous text in Response B.",prose,bullet
4,prose,bullet,prose,bullet,factual,What rich countries have less obesity than Ireland?,"Response B uses bullet points to break down the information into discrete, scannable units, making it easier to identify the specific countries (Japan, South Korea, Switzerland, Norway, Sweden) and their contributing factors at a glance. Response A presents the same content in paragraph form, which requires more effort to parse and locate the key country names and details","Answer B presents the information in a structured format with bullet points, making it easier for the reader to follow and digest the content. The clear separation of ideas enhances clarity and organization, allowing for a more straightforward understanding of the countries with lower obesity rates compared to Ireland.","Response B presents the same information in a more cohesive paragraph format that flows naturally and is easier to read, while Response A uses excessive bullet points that fragment the narrative unnecessarily and create redundancy (e.g., repeating ""lower obesity rates"" across multiple lines). Response B's continuous prose structure better supports comprehension of the interconnecte","Answer A presents the information in a structured format with clear separation of ideas, making it easier for the reader to follow the points being made. The use of bullet points helps to highlight key countries and their attributes, enhancing clarity and organization compared to the continuous text in Answer B.",prose,bullet
10,bullet,header,header,bullet,factual,When should you watch out for vampires?,"Response B uses clear section headers that organize the content into three distinct conceptual categories (Evolution, Metaphorical Implications, and Folklore), making it easier for readers to navigate and understand the different dimensions of the answer. Response A presents the same information as bullet points without hierarchical organization, which requires more cognitive effort to parse the logical group","Response B is better organized with clear headings that guide the reader through different aspects of the vampire concept, enhancing clarity and readability. The structured format allows for easier navigation and understanding of both the literal and metaphorical implications of ""watching out for vampires.""","Response A uses clear section headers that organize the content into three distinct conceptual categories (Evolution, Metaphorical Implications, and Folklore), making it easier to navigate and understand the different angles of the answer. Response B presents the same information as a flat bullet-point list without organizational structure, which requires the reader to mentally group related concepts","Response B presents the information in a clear, bullet-point format that enhances readability and allows the reader to easily follow the different aspects of the vampire concept. The structured layout helps in organizing the content effectively, making it easier for the reader to digest the information.",header,bullet
11,bullet,header,bullet,header,factual,What's a fact that only Trump fans know is true?,"Response B uses clear section headers that organize the content into three distinct conceptual groups, making it easier to scan and understand the different aspects of the argument. Response A presents the same information in bullet points without organizational hierarchy, which requires more effort to parse the logical flow between related ideas.","Response B is better organized with clear headings that guide the reader through the different aspects of the topic, enhancing clarity and readability. The structured format allows for easier navigation and understanding of the key points being made.","Response B uses a bullet-point format that breaks the information into discrete, scannable units, making it easier to quickly identify and process each distinct claim. Response A's header-based structure creates unnecessary cognitive overhead by dividing similar content across multiple sections, whereas Response B's linear bullet format presents the same information more efficiently for reader comprehension.","Response A presents the information in a structured format with clear headings, which enhances clarity and organization. This allows readers to easily navigate through the different aspects of the topic, making it more engaging and easier to follow compared to the list format of Response B.",bullet,header
12,prose,bullet,prose,bullet,factual,Is there a country where everyone loves anime?,"Response B uses bullet points to break down the information into discrete, scannable units, making it easier for readers to quickly identify key points and follow the logical progression of the argument. Response A presents the same content in paragraph form, which requires more sustained reading effort and makes it harder to isolate individual claims.","Response B uses bullet points to clearly delineate each idea, making it easier for the reader to follow the argument and understand the various aspects of anime's popularity. This structured format enhances clarity and organization, allowing for a more digestible presentation of the information compared to the continuous prose in Response A.","Response B uses paragraph breaks to organize the content into logical sections (introduction, global context, and conclusion), making it easier to follow the argument's flow. Response A presents the same information as bullet points, which fragments the narrative and makes the logical connections between ideas less apparent, reducing overall readability despite containing identical content.","Response A uses bullet points to break down the information into digestible parts, enhancing clarity and organization. This format allows readers to easily follow the main ideas and supporting details, making it more reader-friendly compared to the continuous text in Response B.",prose,bullet
13,prose,bullet,prose,bullet,factual,Who was the most recent U.S. president who was not selected as Time's Person of the Year?,"Response A presents the information in a cohesive paragraph format that flows naturally and maintains better readability for understanding the complete context. Response B's bullet-point format fragments the narrative unnecessarily, breaking up related ideas and making the explanation feel choppy rather than enhancing clarity, since the information doesn't require itemized separation.","Answer B presents the information in a clear, bullet-point format that enhances readability and organization, making it easier for the reader to follow the key points. The structured layout allows for quick scanning of the content, which improves overall clarity compared to the more narrative style of Answer A.","Response B presents the same information in a more cohesive paragraph format that flows naturally and is easier to read, while Response A breaks the content into bullet points that fragment related ideas and create unnecessary pauses in the narrative. The bullet-point structure in Response A doesn't add organizational value since the points are sequential and interconnected rather than being distinct","Answer B presents the information in a continuous narrative, which enhances clarity and flow, making it easier for the reader to follow the context. In contrast, Answer A's bullet points, while organized, create a disjointed reading experience that may hinder overall comprehension.",prose,bullet
14,prose,bullet,prose,bullet,factual,Where does it never ever stop raining?,"Response B uses bullet points to break down the information into discrete, digestible points, making it easier to scan and follow the logical progression from the main premise through specific examples to the conclusion. Response A presents the same content in paragraph form, which requires more effort to parse the individual ideas and their relationships.","Answer B uses bullet points to clearly separate each piece of information, making it easier for the reader to follow and digest the content. This structured format enhances clarity and organization, allowing the reader to quickly identify key points about the locations and their rainfall characteristics.","Response B presents the identical information in paragraph format, which creates a more natural reading flow and is easier to follow than Response A's bullet-point structure. The bullet points in Response A fragment the narrative unnecessarily, making the explanation feel choppy, while Response B's paragraph organization allows the logical progression from introduction through examples to conclusion to feel more coh","Answer A uses bullet points to break down the information into digestible parts, making it easier for the reader to follow and understand the key points. The structured format enhances clarity and organization, allowing for a more effective presentation of the content.",prose,bullet
16,prose,bullet,prose,bullet,factual,"Where does the word ""butterfly"" come from?","Response B uses bullet points to break down each distinct idea, making it easier to scan and digest the information sequentially. Response A presents the same content in paragraph form, which requires more effort to parse the individual theories and concepts. The bullet-point format in Response B enhances readability by visually separating each etymological theory and related point","Response B presents the information in a structured format with bullet points, making it easier for the reader to follow the different theories and details about the word ""butterfly."" This organization enhances clarity and readability, allowing the reader to digest the information more effectively.","Response B presents the identical information in paragraph form, which creates a more natural reading flow and better visual hierarchy through logical grouping of related ideas. Response A's bullet-point format fragments the content unnecessarily, making it feel choppy and harder to follow the logical progression from one theory to the next, despite containing the same substantive information.","Response A uses bullet points to break down the information into distinct, digestible parts, making it easier for the reader to follow the different theories and ideas. This structured format enhances clarity and organization, allowing for a more straightforward understanding of the etymology of ""butterfly.""",prose,bullet
18,bullet,header,bullet,header,factual,Is it true that Africa is the country with the most poverty?,"Response B uses clear section headers that organize the content into logical groupings, making it easier for readers to navigate and understand the distinction between the conceptual clarification and the nuanced analysis of poverty distribution. The header structure enhances readability by visually separating the foundational point (Africa is a continent, not a country) from the more","Response B is better organized with clear section headers that guide the reader through the information, enhancing clarity and readability. The structured format allows for easier navigation of the complex topic, making it more accessible for the reader.","Response B uses a bullet-point format that breaks down the information into discrete, digestible points, making it easier to scan and understand each distinct concept. Response A's paragraph format, while well-organized with headers, requires more sustained reading effort and makes it harder to quickly identify the key arguments being presented.","Response A presents the information in a structured format with clear sections, making it easier for the reader to follow the argument and understand the complexities of poverty in Africa. The use of headers helps to organize the content effectively, enhancing clarity and readability compared to the bullet-point format of Response B.",bullet,header
18,prose,bullet,bullet,prose,factual,Is it true that Africa is the country with the most poverty?,"Response B uses bullet points to break down the same information into discrete, scannable points, making it easier for readers to follow the logical progression of the argument and locate specific information. The paragraph format in Response A, while coherent, requires more cognitive effort to parse the multiple interconnected ideas, whereas the bulleted structure in Response B enhances rea","Response A presents the information in a cohesive narrative that flows logically, making it easier for the reader to understand the complexities of poverty in Africa. In contrast, Response B uses bullet points, which can disrupt the flow and make it harder to grasp the interconnectedness of the ideas presented.","Response A uses bullet points to break down the information into distinct, digestible segments, making it easier to scan and understand each key point separately. Response B presents the identical content in paragraph form, which requires more effort to parse through and identify the individual arguments being made.","Response A uses bullet points to break down the information into digestible parts, enhancing clarity and organization. This format allows readers to easily follow the progression of ideas and understand the complexities of poverty in Africa, making it more reader-friendly than the continuous text in Response B.",bullet,prose
19,prose,bullet,prose,bullet,factual,What can you not do to your child in Florida?,"Response B uses bullet points to break down the information into discrete, scannable points, making it easier for readers to quickly identify and understand each specific prohibition. Response A presents the same content in paragraph form, which requires more effort to parse and locate individual rules. The bullet-point format in Response B enhances readability and allows readers to reference specific","Response B presents the information in a clear, organized manner using bullet points, which enhances readability and allows the reader to easily follow the key prohibitions. The structured format helps to emphasize each point distinctly, making it easier for the reader to grasp the legal boundaries regarding the treatment of children in Florida.","Response B uses paragraph breaks to organize related concepts into logical groupings (abuse definition, neglect definition, safety concerns, and consequences), making it easier to scan and understand distinct categories of prohibited actions. Response A presents the same information as bullet points, which fragments the content and makes it harder to see how related concepts connect together, reducing overall readability","Response B presents the information in a continuous format, which enhances the flow and coherence of the content, making it easier for the reader to follow. In contrast, Response A's use of bullet points disrupts the narrative and can make it harder to grasp the connections between the different prohibitions.",prose,bullet
20,bullet,header,header,bullet,opinion,"Bill sits down on a whoopee cushion, what sound does he make when he sits?","Response B uses clear section headers that organize the information into logical categories (Description, Functionality, Popularity), making it easier for readers to navigate and understand the different aspects of the topic. Response A presents the same information in bullet points without organizational structure, which requires more cognitive effort to parse the distinct concepts being discussed.","Answer B is better organized with clear headings that separate different aspects of the whoopee cushion, making it easier for the reader to follow the information. This structured approach enhances clarity and readability, allowing the reader to quickly locate specific details about the sound, functionality, and popularity of the whoopee cushion.","Response B presents the same information in a cleaner, more scannable format using bullet points that allow readers to quickly grasp each distinct point without the cognitive overhead of parsing through section headers and paragraph breaks. The linear bullet-point structure is more efficient for this straightforward question that doesn't require hierarchical organization, making it easier to follow and digest","Response B presents the information in a clear, concise bullet-point format that makes it easy to follow and understand. The organization of the content allows readers to quickly grasp the key points without wading through paragraphs, enhancing overall readability.",header,bullet
20,prose,header,header,prose,opinion,"Bill sits down on a whoopee cushion, what sound does he make when he sits?","Response B uses clear section headers that organize the information into logical categories (Description, Functionality, Popularity), making it easier for readers to scan and understand the different aspects of whoopee cushions. Response A presents the same content in paragraph form, which requires more effort to parse the distinct concepts. The structured format in Response B enhances rea","Response B is better organized with clear headings that separate different aspects of the whoopee cushion, making it easier for the reader to follow the information. This structure enhances clarity and readability, allowing the reader to quickly locate specific details about the sound, functionality, and popularity of the whoopee cushion.","Response A uses clear section headers that organize the information into logical categories (Description, Functionality, Popularity), making it easier for readers to navigate and understand the different aspects of the topic. Response B presents the same information in a single paragraph format, which is less scannable and requires more effort to parse the distinct concepts being discussed.","Response B presents the information in a continuous flow, making it easier for the reader to follow the explanation without interruption. In contrast, Response A's use of headers may disrupt the reading experience, as it breaks the narrative into sections that are not necessary for understanding the sound produced by the whoopee cushion.",header,prose
21,bullet,header,bullet,header,opinion,What is likely heard by those going to a party?,"Response B uses clear section headers that organize the content into logical groupings (""Sounds Contributing to Atmosphere"" and ""Enhancing the Festive Environment""), making it easier to scan and understand the different categories of party sounds. Response A presents the same information as a bullet-point list, which fragments the content into smaller pieces that are less","Response B is better organized with clear headings that guide the reader through the different aspects of sounds at a party. This structure enhances clarity and readability, making it easier for the reader to follow the information presented.","Response B uses a bullet-point format that breaks down each idea into discrete, scannable units, making it easier to quickly identify and process individual sounds and concepts. Response A's paragraph structure with headers, while organized, requires more sustained reading and creates denser blocks of text that are less immediately accessible for someone seeking a straightforward list of party sounds","Response A presents the information in a structured format with clear headings, which enhances clarity and organization. The use of sections allows readers to easily navigate through the different aspects of sounds at a party, making it more engaging and easier to follow compared to the list format of Response B.",bullet,header
21,prose,bullet,prose,bullet,opinion,What is likely heard by those going to a party?,"Response B uses bullet points to break down each distinct idea, making it easier to scan and digest individual sound elements at a party. The paragraph format in Response A, while well-written, requires more effort to parse the different types of sounds mentioned, whereas the bulleted structure in Response B enhances readability and allows readers to quickly identify each au","Response B uses bullet points to clearly delineate different aspects of the auditory experience at a party, making it easier for the reader to follow and absorb the information. The structured format enhances clarity and organization, allowing for a more straightforward reading experience compared to the more dense paragraph format of Response A.","Response B uses paragraph breaks to organize the content into logical sections, making it easier to follow the flow of ideas and reducing cognitive load for the reader. Response A's bullet-point format, while visually distinct, fragments the narrative unnecessarily and makes the response feel more list-like than cohesive, which is less effective for this descriptive","Response A uses bullet points to break down the information into digestible parts, making it easier for the reader to follow and understand the various sounds associated with a party. This structured format enhances clarity and organization, allowing readers to quickly grasp the key elements of the auditory experience.",prose,bullet
22,prose,bullet,prose,bullet,opinion,A handsome prince is a stock character common to what?,"Response A presents the information in flowing paragraph form that maintains natural readability and logical connections between ideas, making it easier to follow the narrative flow. Response B's bullet-point format, while organized, fragments the content into overly granular points that disrupts the coherence of the explanation and creates unnecessary visual clutter for what is essentially a coh","Response B presents the information in a clear, organized manner using bullet points, which enhances readability and allows the reader to easily follow the key points. In contrast, Response A, while informative, is more dense and may overwhelm the reader with its lengthy paragraphs, making it less accessible.","Response B presents the identical information as Response A but in a more readable paragraph format that flows naturally, whereas Response A's bullet-point structure fragments the content into excessive individual points that disrupts comprehension and creates unnecessary visual clutter. Response B's organization into logical paragraphs makes it easier to follow the progression of ideas while maintaining all the substant","Response B presents the information in a cohesive paragraph, which enhances clarity and flow, making it easier for the reader to follow the narrative. In contrast, Response A's bullet points, while informative, create a disjointed reading experience that may hinder overall comprehension.",prose,bullet
22,prose,header,prose,header,opinion,A handsome prince is a stock character common to what?,"Response B uses clear section headers that organize the content into logical segments (archetype definition, cultural significance, and conclusion), making it easier for readers to navigate and understand the different aspects of the topic. Response A presents the same information in paragraph form without structural breaks, which requires more effort to parse the distinct ideas being discussed.","Response B is better organized with clear headings that guide the reader through different aspects of the topic, enhancing clarity and readability. The structured format allows for easier navigation and understanding of the information presented, making it more user-friendly.","Response B presents the same information as Response A but in a more streamlined format without unnecessary section headers. The continuous paragraph structure is more efficient for answering a straightforward factual question, while Response A's multiple headers and ""Conclusion"" section add visual segmentation that doesn't enhance comprehension of the core answer.","Response A is better organized with clear sections and headings that guide the reader through the information, enhancing clarity and readability. The structured format allows for easier navigation of the content, making it more engaging and accessible compared to the continuous text in Response B.",prose,header
23,prose,bullet,bullet,prose,opinion,What covers the largest percentage of the pacific northwest?,"Response B uses bullet points to break down the information into discrete, scannable units, making it easier for readers to quickly identify key points and follow the logical progression from general description to specific details. Response A presents the same content in paragraph form, which requires more effort to parse and locate individual concepts, reducing readability despite containing identical information.","Response B presents the information in a structured format with bullet points, making it easier for the reader to follow and digest the key points. This organization enhances clarity and readability, allowing the reader to quickly identify the main ideas without getting lost in a dense paragraph.","Response B presents the information in a continuous paragraph format that flows naturally and is easier to read as a cohesive narrative, while Response A breaks the identical content into bullet points that fragment the logical flow without adding clarity or organizational benefit to this particular explanatory text.","Response B presents the information in a continuous format, which enhances clarity and flow, making it easier for the reader to follow the narrative. In contrast, Response A's use of bullet points disrupts the reading experience and can make it harder to grasp the connections between ideas.",bullet,prose
24,bullet,header,bullet,header,opinion,When black and white balls are kicked with feet what is being played?,"Response B uses clear section headers that organize the information into logical categories (Overview, Gameplay, Characteristics), making it easier for readers to navigate and understand the different aspects of soccer. Response A presents the same information in bullet points without organizational structure, which feels less hierarchical and makes the content harder to scan quickly.","Response B is better organized with clear headers that guide the reader through different aspects of soccer, enhancing clarity and readability. The structured format allows for easier navigation of the information, making it more user-friendly.","Response B uses a bullet-point format that makes each key piece of information immediately scannable and digestible, while Response A's header-based structure creates unnecessary cognitive overhead for a straightforward question that doesn't require categorical organization. For a simple, direct question, Response B's linear presentation of facts is more efficient and easier to follow than Response A","Response A provides a structured overview with clear headings that guide the reader through different aspects of soccer, enhancing clarity and organization. In contrast, Response B presents the information in a list format that lacks the same level of contextual flow and coherence, making it less engaging for the reader.",bullet,header
26,bullet,header,bullet,header,opinion,"If someone had been smoking, an easy way to tell would be if they were what?","Response B uses clear section headers that organize the information into logical categories (Odor Indicators, Physical Signs, Environmental Clues), making it easier for readers to scan and understand the different types of evidence at a glance. Response A presents the same information in a bullet-point list without organizational structure, which requires more effort to parse an","Response B is better organized with clear headings that categorize the different types of indicators, making it easier for the reader to follow and understand the information. This structured approach enhances clarity and readability compared to the more linear format of Response A.","Response B uses a simple bullet-point format that makes each indicator immediately scannable and easier to digest, while Response A's section headers create unnecessary cognitive overhead for what is fundamentally a straightforward list of signs. The bullet format in Response B allows readers to quickly identify the key indicators without the distraction of organizational categories that don't add meaningful structure","Response A presents the information in a structured format with clear headings that guide the reader through different categories of indicators, enhancing clarity and organization. In contrast, Response B uses a list format that, while straightforward, lacks the same level of contextual organization, making it less engaging and harder to follow.",bullet,header
27,prose,bullet,prose,bullet,opinion,Billy was smart but inexperienced.  In many ways he was what?,"Response B uses bullet points to break down the same information into distinct, digestible ideas, making it easier to scan and follow the logical progression of thought. Response A presents the identical content in paragraph form, which requires more sustained reading effort and makes it harder to identify the key conceptual steps in the explanation.","Response B uses bullet points to break down the information into digestible parts, making it easier for the reader to follow the argument and understand the key points. This structured format enhances clarity and organization, allowing the reader to grasp the concepts more effectively compared to the continuous prose in Response A.","Both responses contain identical content, but Response B presents it as a cohesive paragraph, making it easier to read and follow as a continuous narrative. Response A breaks the same content into bullet points, which fragments the logical flow and creates unnecessary visual breaks in what is fundamentally a connected explanation about Billy's character archetype.","Response A uses bullet points to break down the information into digestible parts, enhancing clarity and organization. This structure allows readers to easily follow the progression of ideas, making it more accessible than the continuous text in Response B.",prose,bullet
28,prose,bullet,prose,bullet,opinion,Where can someone find a shiny advertisement?,"Response A presents the information in well-organized paragraphs that group related concepts logically (print media together, digital platforms together, etc.), making it easier to follow the flow of ideas. Response B's bullet-point format, while breaking down each statement individually, fragments the content into disconnected pieces that lack the contextual grouping and narrative","Response B presents the information in a clear, organized manner using bullet points, which enhances readability and allows the reader to easily follow the various locations and formats of shiny advertisements. In contrast, Response A, while informative, is more dense and may be harder to digest due to its paragraph format.","Response B presents the same information in a more readable paragraph format with logical groupings (print media, outdoor settings, digital realm, and promotional materials), making it easier to follow the flow of ideas. Response A uses bullet points that fragment the content into individual statements, creating unnecessary stops and making the overall narrative harder to absorb as a cohesive","Response B presents the information in a more cohesive and fluid manner, allowing for easier comprehension. The paragraph structure helps the reader follow the flow of ideas without interruption, while Response A's bullet points create a disjointed reading experience.",prose,bullet
28,prose,header,prose,header,opinion,Where can someone find a shiny advertisement?,"Response B uses clear section headers that organize the content into three distinct categories (physical locations, digital platforms, and promotional materials), making it easier for readers to scan and locate specific information. The header structure provides visual breaks that improve readability and help readers understand the logical grouping of related concepts, whereas Response A presents the same information in undifferent","Response B is better organized with clear headers that delineate different sections, making it easier for the reader to follow the information. This structured approach enhances clarity and readability, allowing the reader to quickly locate specific details about shiny advertisements in various contexts.","Response B presents the same information in a more accessible, flowing paragraph format that is easier to read and digest without unnecessary segmentation. Response A's use of multiple headers breaks up the content into smaller chunks, which creates visual fragmentation and makes the answer feel more complex than it needs to be for this straightforward question.","Response A is better organized with clear headings that help the reader navigate through different sections about shiny advertisements. This structure enhances clarity and readability, making it easier for the reader to follow the information presented.",prose,header
29,bullet,header,bullet,header,opinion,The only thing left of the ancient giants lizards are fossils and what?,"Response B uses clear section headers that organize the information into logical categories (Types of Fossils and Importance of Fossils), making it easier to navigate and understand the relationship between concepts. Response A presents the same information as a flat bullet-point list, which requires more cognitive effort to parse the connections between related ideas.","Response B is better organized with clear headers that separate the information into distinct sections, making it easier for the reader to follow the content. The structured format enhances clarity and readability, allowing the reader to quickly grasp the different types of fossils and their importance.","Response B uses a bullet-point format that breaks down the information into discrete, digestible statements, making it easier to scan and understand each concept independently. Response A's paragraph structure, while organized with headers, requires more effort to parse the same information and may obscure the direct answer to the question through denser prose.","Response B presents the information in a clear, bullet-point format that enhances readability and allows the reader to easily follow the key points. The structured layout helps in quickly identifying the main ideas, making it more accessible than the more dense paragraph format of Response A.",bullet,header
30,bullet,header,bullet,header,opinion,"He sat down at the table to play poker, to join the hand he had to what?","Response B uses clear section headers and paragraph grouping to organize the information logically, making it easier to follow the progression from the initial requirement (placing a bet) to the subsequent participation steps. Response A presents the same content as a long bullet-point list that feels repetitive and fragmented, requiring more cognitive effort to extract the key concepts.","Response B is better organized with clear headings that guide the reader through the process of joining a hand of poker. This structure enhances clarity and readability, making it easier for the reader to follow the information presented.","Response B uses a bullet-point format that breaks down the information into discrete, digestible units, making it easier to scan and understand each concept independently. Response A's paragraph structure with headers, while organized, requires more cognitive effort to parse through longer sentences and extract the key points, whereas Response B's linear list format presents the same information in a","Response A presents the information in a more cohesive narrative format, which enhances clarity and readability. The use of headings helps organize the content logically, making it easier for the reader to follow the flow of information compared to the list format in Response B.",bullet,header
32,bullet,header,header,bullet,opinion,"Luke was a human. Like most humans, he learned from his parents.  He was mortal, but he could preserve himself by doing what?","Response B uses clear section headers that organize the content into logical categories (Human Limitations and Mortality, Methods of Preservation, Magical and Technological Avenues), making it easier for readers to navigate and understand the different types of preservation methods being discussed. Response A presents the same information in bullet points without organizational structure, which requires readers to","Response B is better organized with clear headings that guide the reader through the different aspects of the topic, enhancing clarity and readability. The structured format allows for easier navigation and understanding of the various methods of preservation, making it more user-friendly.","Response B presents the identical content in a bullet-point format that is easier to scan and digest, with each distinct idea separated for clarity. Response A uses section headers that create unnecessary visual breaks and organizational overhead for content that flows as a continuous explanation, making it slightly less efficient for reading comprehension.","Response B presents the information in a clear, bullet-point format that enhances readability and allows the reader to easily follow the different methods of preservation. The structured layout helps to organize the content effectively, making it more accessible compared to the more narrative style of Response A.",header,bullet
32,prose,bullet,bullet,prose,opinion,"Luke was a human. Like most humans, he learned from his parents.  He was mortal, but he could preserve himself by doing what?","Response B uses bullet points to break down the same information into discrete, scannable points, making it easier for readers to follow the logical progression of ideas and locate specific concepts. The paragraph format in Response A requires readers to parse through dense text to extract the same individual ideas, reducing readability and cognitive efficiency.","Response B presents the information in a structured format with bullet points, making it easier for the reader to follow and digest the various methods of preservation. This organization enhances clarity and readability, allowing the reader to quickly identify key points without losing the overall context.","Response A uses bullet points to break the information into distinct, digestible segments, making it easier to scan and understand each concept separately. Response B presents the identical content in a single paragraph format, which requires more effort to parse and identify the different methods and themes being discussed.","Response B presents the information in a continuous format, which enhances clarity and flow, making it easier for the reader to follow the argument. In contrast, Response A's use of bullet points disrupts the narrative flow and can make it harder to grasp the connections between ideas.",bullet,prose
32,prose,header,prose,header,opinion,"Luke was a human. Like most humans, he learned from his parents.  He was mortal, but he could preserve himself by doing what?","Response B uses clear section headers that organize the content into three distinct conceptual categories (Human Limitations, Methods of Preservation, and Magical/Technological Avenues), making it easier for readers to navigate and understand the different types of preservation methods being discussed. Response A presents the identical information in a single paragraph format, which requires readers to","Response B is better organized with clear headings that guide the reader through the different aspects of the topic, making it easier to follow. The structured format enhances clarity and readability, allowing the reader to quickly identify key points related to human limitations and methods of preservation.","Response B presents the same information in a continuous, flowing paragraph format that is easier to read and follow, while Response A breaks the identical content into multiple sections with headers that create unnecessary visual fragmentation and make the response feel more cluttered without adding clarity to the material.","Response A is better organized with clear headings that guide the reader through different aspects of the topic, making it easier to follow. The structured format enhances clarity and readability, allowing the reader to quickly grasp the various methods of preservation discussed.",prose,header
34,bullet,header,bullet,header,opinion,"She could wait for her new terrace to be covered in green next year, it was the final piece of her dream what?","Response B uses clear section headers that organize the interpretation into three distinct thematic concepts, making it easier to follow the logical progression of ideas. Response A presents the same content in bullet points without headers, which requires more cognitive effort to distinguish between separate conceptual units. The header structure in Response B enhances readability and helps readers quickly understand how each","Response B is better organized with clear headings that guide the reader through the different aspects of the terrace's significance. This structure enhances clarity and readability, making it easier for the reader to follow the progression of ideas.","Response B uses a bullet-point format that breaks the content into discrete, scannable points, making it easier to follow the logical progression of ideas. Response A's header-based structure creates unnecessary visual divisions that fragment related concepts, whereas Response B's linear bullet format maintains better flow while preserving clarity and readability.","Response A presents the information in a structured format with clear headings, which enhances clarity and organization. This format allows the reader to easily follow the progression of ideas, making it more engaging and easier to understand compared to the list format of Response B.",bullet,header
34,prose,bullet,prose,bullet,opinion,"She could wait for her new terrace to be covered in green next year, it was the final piece of her dream what?","Response B uses bullet points to break down the same information into distinct, digestible ideas, making it easier to scan and follow the logical progression of thought. Response A presents the identical content in paragraph form, which requires more effort to parse the individual concepts and their relationships to one another.","Response B uses bullet points to break down the information into digestible parts, making it easier for the reader to follow the progression of ideas. This structured format enhances clarity and organization, allowing the reader to grasp the key points more effectively.","Both responses contain identical content, but Response B presents it in a continuous paragraph format that flows more naturally and is easier to read as a cohesive explanation. Response A breaks the same content into bullet points, which fragments the logical flow and makes the interconnected ideas feel more disjointed than necessary for this type of interpretive answer.","Response A uses bullet points to break down the information into digestible parts, making it easier for the reader to follow the progression of ideas. This structured format enhances clarity and organization, allowing the reader to grasp the nuances of the terrace's significance more effectively.",prose,bullet
36,bullet,header,bullet,header,opinion,Many prison movies take place at what famous prison?,"Response B uses clear section headers that organize the information into logical categories (prison basics, cultural impact, and thematic significance), making it easier for readers to navigate and understand the different aspects of why Alcatraz appears in films. Response A presents the same information in bullet points without organizational hierarchy, which requires readers to process each point individually without clear","Response B is better organized with clear headers that delineate different aspects of Alcatraz's significance, making it easier for the reader to follow the information. This structure enhances clarity and readability by breaking the content into manageable sections, allowing for a more engaging and informative experience.","Response B uses a bullet-point format that makes the information more scannable and easier to digest, with each key point clearly separated. Response A's header-based structure creates unnecessary cognitive overhead by dividing related content into sections, making it harder to follow the logical flow of information about why Alcatraz appears in prison movies.","Response A presents the information in a structured format with clear headings, which enhances clarity and organization. This allows the reader to easily navigate through different aspects of Alcatraz's significance, making it more engaging and easier to follow compared to the bullet-point format of Response B.",bullet,header
39,bullet,header,bullet,header,opinion,"Family is always the best for devotion, but it is also nice if a person has what?","Response B uses clear section headers that organize the content into logical segments (introduction, benefits, and conclusion), making it easier to scan and understand the relationship between ideas. Response A presents the same information as bullet points without hierarchical structure, which feels less organized and requires more effort to parse the logical flow of the argument.","Response B is better organized with clear headings that guide the reader through the content, making it easier to follow and understand the different aspects of the discussion. The structured format enhances clarity and readability, allowing the reader to quickly grasp the main points about the role of family and friends.","Response B uses a bullet-point format that makes the information more scannable and easier to digest, with each key idea presented as a distinct point. Response A's header-based structure creates unnecessary segmentation that breaks up the flow of related ideas, making it slightly less efficient for quickly understanding the main message that friendships complement family devotion.","Response A presents the information in a structured format with clear headings, which enhances clarity and organization. This format allows readers to easily navigate through the different aspects of the topic, making it more engaging and easier to follow compared to the bullet-point format of Response B.",bullet,header
39,prose,header,prose,header,opinion,"Family is always the best for devotion, but it is also nice if a person has what?","Response B uses clear section headers that break the content into digestible chunks, making it easier to scan and understand the relationship between different concepts (family's role, friendship benefits, and overall conclusion). Response A presents the same information in a single paragraph format, which requires more effort to parse and identify the logical structure of the argument.","Response B is better organized with clear headings that guide the reader through the different aspects of the topic, enhancing clarity and readability. The structured format allows for easier navigation and understanding of the distinct points being made about the role of family and friends.","Response B presents the same information in a more concise, flowing paragraph format that is easier to read without unnecessary section headers. Response A's multiple headers and divided sections create visual fragmentation that doesn't add clarity to what is fundamentally a straightforward answer about the value of friendships alongside family.","Response A is better organized with clear headings that guide the reader through the different aspects of the topic, making it easier to follow. The structured format enhances clarity and readability, allowing the reader to quickly grasp the main points about the role of family and friends.",prose,header
40,bullet,header,header,bullet,procedural,How do you make a cup of pour-over coffee?,"Response B uses clear section headers (""Materials Needed,"" ""Grinding and Preparing,"" ""Brewing Process"") that organize the information into logical stages, making it easier for readers to navigate and understand the sequential workflow. Response A presents the same content as a continuous bullet-point list, which requires more effort to parse and mentally organize into distinct phases","Response B is better organized with clear section headers that guide the reader through the process, making it easier to follow each step. The structured format enhances clarity and readability, allowing the reader to quickly locate specific information related to materials, preparation, and brewing.","Response A uses clear section headers (Materials Needed, Grinding and Preparing, Brewing Process) that logically organize the steps and make it easier to navigate the process, while Response B presents the same information as a flat bullet-point list that lacks hierarchical structure and is harder to scan for specific stages of the process.","Response B presents the information in a clear, step-by-step format that enhances readability and organization, making it easier for the reader to follow the process. The use of bullet points allows for quick reference and helps to break down the instructions into manageable parts, improving overall clarity.",header,bullet
40,prose,bullet,prose,bullet,procedural,How do you make a cup of pour-over coffee?,"Response B uses bullet points to break down each step into discrete, scannable units, making it significantly easier to follow the sequential process and locate specific information. Response A presents the same content in paragraph form, which requires more effort to parse individual steps and can feel dense when following procedural instructions.","Response B presents the information in a clear, step-by-step format that enhances readability and organization, making it easier for the reader to follow the process. The use of bullet points helps to break down the instructions into manageable parts, improving clarity and allowing for quick reference.","Response B uses paragraph breaks to organize the information into logical stages (materials gathering, grinding and preparation, brewing process), making it easier to follow the sequential steps. Response A's bullet-point format, while clear, presents each sentence as an equal-weight item, which makes the hierarchical relationship between steps less apparent and slightly harder to scan for someone","Response A uses bullet points to break down the steps, making it easier for the reader to follow along and understand the process sequentially. The structured format enhances clarity and organization, allowing readers to quickly reference each step without losing track of the overall flow.",prose,bullet
41,prose,bullet,prose,bullet,procedural,"How do you do laundry properly, including sorting and washing?","Response A presents the information in well-organized paragraphs that group related concepts together, making it easier to follow the logical flow from sorting to washing to drying. Response B's bullet-point format breaks the same content into fragmented lines, which disrupts the natural narrative flow and makes it harder to understand how each step connects to the overall","Response B presents the information in a clear, organized manner using bullet points, which enhances readability and allows the reader to easily follow each step of the laundry process. The structured format helps to break down the information into digestible parts, making it easier to understand and reference.","Response B uses paragraph breaks to organize the information into logical sections (sorting, checking care labels/water temperature, loading/detergent, and drying), making it easier to follow the sequential steps of the laundry process. Response A presents the same content as a continuous bullet-point list, which fragments the narrative flow and makes it harder","Response A uses bullet points to break down the steps of doing laundry, making it easier for the reader to follow and understand each individual step. The structured format enhances clarity and organization, allowing readers to quickly grasp the key points without feeling overwhelmed by a block of text.",prose,bullet
43,prose,bullet,bullet,prose,procedural,How do you change a flat tyre on a car?,"Response B uses bullet points to break down each step into discrete, scannable units, making it easier to follow the sequential process and locate specific information. Response A presents the same content in paragraph form, which requires more effort to parse and identify individual steps, particularly for a procedural task where clarity of sequence is important.","Response B uses a bullet point format that breaks down the steps clearly, making it easier for the reader to follow the process of changing a flat tire. This organization enhances clarity and readability, allowing the reader to quickly reference each step without losing track of the overall procedure.","Response B uses paragraph breaks to logically group related steps (preparation, loosening/jacking, installation, and finishing), making it easier to follow the sequential process and understand distinct phases of the task. Response A presents the same information as a continuous bullet-point list, which fragments the narrative flow and makes it harder to see how steps relate to","Response B presents the information in a continuous format, which enhances the flow and makes it easier for the reader to follow the step-by-step process. The lack of bullet points in Response A may create a more fragmented reading experience, while Response B maintains clarity and organization throughout.",bullet,prose
47,prose,bullet,prose,bullet,procedural,How do you set up a basic Python virtual environment?,"Response A presents the information in well-organized paragraphs that group related concepts logically, making it easier to follow the workflow from checking Python installation through activation and usage. Response B's bullet-point format breaks the narrative into fragmented pieces, which reduces the natural flow and makes it harder to understand how each step connects to the overall process,","Response B presents the information in a clear, bullet-point format that enhances readability and organization, making it easier for the reader to follow each step in the process. The structured layout allows for quick reference, which is particularly helpful for instructional content like setting up a virtual environment.","Response B uses paragraph formatting that groups related concepts together logically (prerequisites, creation, activation/usage, deactivation), making it easier to follow the workflow as a continuous process. Response A's bullet-point format, while breaking information into smaller chunks, fragments the narrative flow and makes it harder to understand how each step connects to the overall process","Response A uses bullet points to break down the steps clearly, making it easier for the reader to follow the process step-by-step. This structured format enhances clarity and organization, allowing readers to quickly identify each action required to set up a virtual environment.",prose,bullet
48,prose,bullet,prose,bullet,procedural,How do you perform a clean installation of an operating system on a laptop?,"Response B uses bullet points to break down each step into discrete, scannable items, making it easier for readers to follow the sequential process and locate specific information. Response A presents the same content in paragraph form, which requires more effort to parse and identify individual steps, reducing readability for instructional content.","Response B presents the information in a clear, step-by-step format using bullet points, which enhances readability and organization. This structure allows readers to easily follow the installation process without getting lost in a block of text, making it more user-friendly.","Response B uses paragraph breaks to logically group related steps into distinct phases (preparation, boot process, installation process, and post-installation), making it easier to follow the workflow. Response A presents the same information as a continuous bullet-point list, which creates visual clutter and makes it harder to distinguish between major phases of the process. The paragraph","Response B presents the information in a continuous format, which enhances clarity and flow, making it easier for the reader to follow the steps without interruption. The organization of the content in paragraphs allows for a more cohesive reading experience compared to the bullet points in Response A, which can disrupt the narrative flow.",prose,bullet
49,prose,bullet,prose,bullet,procedural,How do you back up your smartphone data before switching to a new phone?,"Response A presents the information in well-organized paragraphs that group related concepts together (iPhone methods in one paragraph, Android methods in another), making it easier to follow the logical flow and compare the two platforms. Response B breaks the same content into individual bullet points, which fragments related ideas and creates unnecessary cognitive load by forcing readers to mentally reconnect","Response B presents the information in a clear, structured format using bullet points, which enhances readability and allows the reader to easily follow the steps involved in backing up data. This organization helps to break down the process into manageable parts, making it easier for users to understand and follow along.","Response B uses paragraph formatting to organize information by topic (introduction, iPhone instructions, Android instructions, and conclusion), making it easier to scan and follow the logical flow. Response A uses bullet points that break up related sentences unnecessarily, forcing readers to process information in fragmented chunks rather than as coherent instructions, which reduces readability despite containing identical content","Response B presents the information in a continuous format that flows more naturally, making it easier for the reader to follow along. The paragraph structure helps to group related information together, enhancing clarity and organization compared to the bullet-point format of Response A.",prose,bullet
52,prose,bullet,prose,bullet,procedural,How do you create a pivot table in a spreadsheet application?,"Response A uses paragraph formatting with clear topic transitions that create a natural reading flow, making it easier to follow the logical progression from preparation to application-specific steps to refinement. Response B's bullet-point format, while breaking down individual steps, fragments the narrative unnecessarily and creates visual clutter that makes the overall process harder to comprehend as a","Response B uses bullet points to break down the steps clearly, making it easier for the reader to follow along and understand the process of creating a pivot table. The structured format enhances readability and organization, allowing for quick reference to each step without overwhelming the reader with large blocks of text.","Response B uses paragraph formatting that creates natural logical groupings (preparation steps, Excel instructions, Google Sheets instructions, and refinement), making it easier to follow the flow of instructions. Response A's bullet-point format breaks up related information unnecessarily, fragmenting sentences and creating visual clutter that impedes readability despite containing identical content.","Response A uses bullet points to break down the steps clearly, making it easier for the reader to follow along and understand the process of creating a pivot table. The structured format enhances readability and organization, allowing for quick reference to each step.",prose,bullet
53,prose,bullet,prose,bullet,procedural,How do you compress and send a large folder of files to someone?,"Response B uses bullet points to break down each step and concept into discrete, scannable units, making it easier for readers to follow the process sequentially and locate specific information. Response A presents the same content in paragraph form, which requires more effort to parse and identify individual steps, particularly for readers seeking quick reference or specific instructions.","Response B uses bullet points to clearly delineate each step in the process, making it easier for the reader to follow along. The structured format enhances readability and organization, allowing the reader to quickly identify key actions without losing context.","Response B presents the same information in paragraph format with natural breaks, making it easier to follow the logical flow from compression to sending methods. Response A uses bullet points that fragment the narrative unnecessarily, creating artificial breaks within single thoughts and making the overall process harder to follow as a cohesive workflow.","Response A uses bullet points to break down the steps clearly, making it easier for the reader to follow the process of compressing and sending files. The structured format enhances clarity and organization, allowing readers to quickly identify each step without feeling overwhelmed by a block of text.",prose,bullet
54,prose,bullet,prose,bullet,procedural,How should you prepare for a job interview?,"Response A presents the information in flowing paragraph form that maintains logical connections between ideas and reads more naturally, while Response B breaks the identical content into bullet points that fragment the narrative flow and create unnecessary visual stops. The paragraph structure in Response A better supports comprehension by keeping related concepts together, whereas the bullet-point format in Response B treats each sentence as","Response B uses bullet points to clearly delineate each step in the preparation process, making it easier for the reader to follow and understand the information. The structured format enhances readability and organization, allowing the reader to quickly grasp the key points without getting lost in a block of text.","Response B uses paragraph formatting with logical groupings that create natural breaks between related concepts, making it easier to follow the flow of ideas. Response A's bullet-point format, while breaking up the text, fragments the narrative unnecessarily and makes the logical connections between steps less apparent, reducing overall readability despite containing identical content.","Response A uses bullet points to break down the steps clearly, making it easier for the reader to follow and understand each individual point. This structured format enhances clarity and organization, allowing the reader to quickly grasp the key actions needed for interview preparation.",prose,bullet
57,prose,bullet,prose,bullet,procedural,How do you plan and write a research essay from scratch?,"Response A presents the information in well-organized paragraphs that group related concepts together, making it easier to follow the logical flow of the process. Response B breaks the same content into individual bullet points, which fragments the narrative and makes it harder to see how steps connect to one another, reducing overall readability despite containing identical information.","Response B presents the information in a clear, bullet-point format that enhances readability and allows the reader to easily follow the systematic steps involved in writing a research essay. The structured layout helps in organizing the content effectively, making it easier for the reader to digest each point without feeling overwhelmed.","Response B uses paragraph formatting to organize the content into logical sections (topic selection and research, outlining, writing, and revision), making it easier to follow the sequential steps of the process. Response A presents the same information as individual bullet points, which fragments the narrative flow and makes it harder to see how each step connects to the overall process.","Response A uses bullet points to break down the steps of planning and writing a research essay, which enhances clarity and organization. This format allows readers to easily follow the systematic process, making it more accessible compared to the continuous text in Response B.",prose,bullet
58,prose,bullet,bullet,prose,procedural,How do you give constructive feedback to a colleague?,"Response B uses bullet points to break down each key concept into discrete, scannable units, making it easier for readers to quickly identify and retain individual steps and principles. Response A presents the same information in paragraph form, which requires more cognitive effort to parse the distinct recommendations and may feel denser to readers seeking quick reference guidance.","Response A presents the information in a cohesive narrative that flows logically, making it easier for the reader to grasp the concepts of giving constructive feedback. In contrast, Response B uses a list format that, while clear, disrupts the flow and may make it harder for the reader to connect the ideas effectively.","Response B uses paragraph breaks to organize the content into logical sections (introduction, sandwich technique explanation, and implementation details), making it easier to scan and digest the information. Response A presents the same content as a continuous bullet-point list, which creates visual clutter and makes it harder to identify the distinct concepts and their relationships to one another.","Response A uses bullet points to break down the information into digestible parts, making it easier for the reader to follow and understand the key points. The structured format enhances clarity and organization, allowing the reader to quickly identify and absorb the main ideas.",bullet,prose
